"cruise","serialno","samplenumber","no","weight","length","age","sex","liverweight","gonadweight"
2017102,70029,1,1,2000,62,6,2,0.048,0.002
2017102,70029,1,2,605,41,3,1,0.013,0.003
2017102,70029,1,3,800,46,4,2,0.011,0.002
2017102,70029,1,4,14,12,1,NA,NA,NA
2017102,70029,1,6,195,27,3,1,NA,NA
2017102,70029,1,7,995,51,4,2,0.02,0.002
2017102,70029,1,8,80,21.5,2,1,NA,NA
2017102,70029,1,9,190,30,2,2,NA,NA
2017102,70029,1,10,4885,85,9,2,0.169,0.004
2017102,70029,1,11,3755,75,9,2,0.273,0.349
2017102,70038,1,1,6270,88,7,1,0.481,0.452
2017102,70038,1,2,11550,106,9,1,1.68,0.57
2017102,70038,1,3,4140,74,7,2,0.287,0.37
2017102,70038,1,4,10330,98,11,2,0.83,1.97
2017102,70038,1,5,7690,90,8,1,0.98,0.391
2017102,70038,1,6,3110,69,5,1,0.206,0.026
2017102,70038,1,7,4720,75,8,2,0.137,0.479
2017102,70038,1,8,6690,83,6,1,0.602,0.582
2017102,70038,1,9,10740,104,10,1,1.39,1.11
2017102,70038,1,10,17110,119,13,1,1.44,2.01
2017102,70071,1,1,2530,70,7,2,0.113,0.164
2017102,70071,1,2,6610,85,8,1,0.675,0.297
2017102,70071,1,3,1660,57,6,1,0.079,0.008
2017102,70071,1,4,2320,65,5,1,0.095,0.01
2017102,70071,1,5,8465,94,10,2,0.434,0.985
2017102,70071,1,6,10390,96,9,1,0.685,1.022
2017102,70071,1,8,4080,79,8,2,0.195,0.376
2017102,70089,1,1,3620,76,7,2,0.157,0.005
2017102,70089,1,2,3290,73,7,2,0.159,0.004
2017102,70089,1,3,6140,87,9,2,0.204,0.497
2017102,70089,1,4,2230,62,4,2,0.133,0.003
2017102,70089,1,5,670,41,3,1,0.037,0.003
2017102,70089,1,6,5140,83,10,1,0.33,0.459
2017102,70089,1,8,1470,56,5,1,0.069,0.013
2017102,70089,1,9,1060,50,5,2,0.05,0.002
2017102,70093,1,1,2910,71,6,1,0.182,0.022
2017102,70093,1,2,2200,64,7,2,0.125,0.002
2017102,70093,1,3,3365,75,6,2,0.104,0.01
2017102,70093,1,4,19,14,1,NA,NA,NA
2017102,70093,1,5,1025,51,5,1,0.023,0.01
2017102,70093,1,6,2485,67,6,2,0.083,0.002
2017102,70093,1,7,365,35,3,1,NA,NA
2017102,70097,1,1,785,44,4,1,0.039,0.002
2017102,70097,1,2,1495,58,5,1,0.057,0.01
2017102,70097,1,3,240,30,3,2,NA,NA
2017102,70097,1,4,30,16.5,1,NA,NA,NA
2017102,70097,1,5,11,12,1,NA,NA,NA
2017102,70097,1,6,2095,63,6,1,0.155,0.013
2017102,70097,1,7,5340,84,7,1,0.512,0.034
2017102,70097,1,8,87,21.5,2,2,NA,NA
2017102,70097,1,9,3720,74,7,1,0.051,0.022
2017102,70097,1,10,510,38.5,3,2,NA,NA
2017102,70097,1,11,280,28.5,3,2,NA,NA
2017102,70097,1,12,4480,78,8,2,0.348,0.37
2017102,70097,1,13,1140,48.5,5,2,0.08,0.001
2017102,70100,1,1,1260,53,5,2,0.062,0.002
2017102,70100,1,2,940,48.5,5,2,0.051,0.001
2017102,70100,1,3,2000,59,6,1,0.134,0.019
2017102,70100,1,4,4625,78,8,2,0.129,0.006
2017102,70100,1,5,2495,66,6,2,0.119,0.002
2017102,70100,1,6,139,25.5,2,2,NA,NA
2017102,70100,1,7,265,31,3,2,NA,NA
2017102,70100,1,8,530,40.5,4,2,0.033,0.002
2017102,70100,1,9,520,38.5,4,1,NA,NA
2017102,70100,1,10,18,13.5,1,NA,NA,NA
2017102,70100,1,11,39,17.5,1,NA,NA,NA
2017102,70100,1,12,76,21.5,2,2,NA,NA
2017102,70109,1,1,1760,61,6,2,0.039,0.003
2017102,70109,1,2,2430,67,7,2,0.129,0.002
2017102,70109,1,3,1740,59,7,2,0.115,0.001
2017102,70109,1,4,1500,53,6,2,0.081,0.002
2017102,70109,1,5,3220,70,6,2,0.276,0.003
2017102,70109,1,6,1010,49.5,5,1,0.066,0.005
2017102,70109,1,7,620,41,3,2,0.017,0.002
2017102,70109,1,8,333,34.5,3,1,NA,NA
2017102,70109,1,9,3600,75,7,1,0.294,0.026
2017102,70109,1,10,84,22.5,2,1,NA,NA
2017102,70109,1,11,470,38,3,2,NA,NA
2017102,70109,1,12,152,27.5,3,2,NA,NA
2017102,70123,1,1,3330,73,7,1,0.215,0.02
2017102,70123,1,2,2575,66,7,2,0.075,0.002
2017102,70123,1,3,435,35,2,1,NA,NA
2017102,70123,1,4,2015,61,6,1,0.102,0.009
2017102,70123,1,5,1830,59,6,1,0.137,0.009
2017102,70123,1,6,5105,84,9,2,0.358,0.016
2017102,70123,1,7,1390,52,5,2,0.052,0.002
2017102,70123,1,8,4590,79,8,1,0.193,0.23
2017102,70123,1,9,780,41.5,4,2,0.027,NA
2017102,70130,1,1,8820,96,9,1,0.628,1.335
2017102,70131,1,1,2260,65,6,2,0.071,0.006
2017102,70141,1,2,2100,63,7,1,0.16,0.011
2017102,70141,1,3,1300,53,6,2,0.037,0.001
2017102,70141,1,4,1720,57,5,2,0.111,0.002
2017102,70141,1,5,580,40,4,1,0.015,0.002
2017102,70141,1,6,2800,65,6,2,0.258,0.002
2017102,70141,1,7,970,48.5,5,2,0.027,0.001
2017102,70141,1,8,4580,78,9,1,0.483,0.032
2017102,70141,1,9,10210,108,11,1,0.523,0.094
2017102,70141,1,10,520,39,3,1,NA,NA
2017102,70141,1,11,3520,73,7,2,0.31,0.016
2017102,70141,1,12,291,34,3,2,NA,NA
2017102,70180,1,1,1525,59,6,2,0.064,0.001
2017102,70180,1,2,3200,73,8,2,0.117,0.258
2017849,70315,1,1,1798,56,6,1,0.114,0.092
2017849,70315,1,2,7910,92,11,1,0.442,0.07
2017849,70315,1,3,1908,64,6,2,0.048,NA
2017849,70315,1,4,2914,72,8,2,0.098,0.026
2017849,70315,1,5,646,43,4,2,0.008,NA
2017849,70315,1,6,256,32.5,3,1,NA,NA
2017849,70315,1,7,108,25.5,3,1,NA,NA
2017849,70315,1,8,76,22.5,2,1,NA,NA
2017849,70315,1,9,19,14,1,NA,NA,NA
2017849,70315,1,10,26,15.5,1,NA,NA,NA
2017849,70315,1,11,16500,116,11,1,0.654,0.682
2017849,70315,1,12,4008,82,9,1,0.114,0.146
2017849,70315,1,13,382,35.5,3,2,NA,NA
2017849,70315,2,1,1568,58,6,2,NA,NA
2017849,70315,2,2,2152,62,6,2,NA,NA
2017849,70315,2,3,738,45,5,2,NA,NA
2017849,70315,2,4,2176,64,6,1,NA,NA
2017849,70315,2,5,512,39,4,1,NA,NA
2017849,70315,2,6,1982,64,6,1,NA,NA
2017849,70315,2,7,2094,63,6,1,NA,NA
2017849,70315,2,8,2252,65,6,2,NA,NA
2017849,70315,2,9,1644,63,6,2,NA,NA
2017849,70315,2,10,2038,59,7,1,NA,NA
2017849,70315,2,11,2370,67,6,1,NA,NA
2017849,70319,1,1,1870,62,6,2,0.098,NA
2017849,70319,1,2,1574,59,6,1,0.044,0.009
2017849,70319,1,3,1034,50,5,2,0.024,NA
2017849,70319,1,4,2500,69,7,2,0.16,NA
2017849,70319,1,5,558,42.5,4,1,0.01,0.002
2017849,70319,1,6,294,33.5,3,1,NA,NA
2017849,70343,2,1,3456,69,7,2,0.19,0.005
2017849,70343,2,2,1856,58,6,1,0.166,0.009
2017849,70343,2,3,1082,48.5,5,2,0.1,0.002
2017849,70343,2,4,2438,64,6,2,0.116,0.002
2017849,70343,2,5,1416,53,5,2,0.068,0.002
2017849,70343,2,6,490,35,3,2,NA,NA
2017849,70343,2,7,360,34.5,3,2,NA,NA
2017849,70343,2,8,842,44.5,4,2,0.056,0.002
2017849,70343,2,9,164,27,2,2,NA,NA
2017849,70343,2,10,12,11.5,1,NA,NA,NA
2017849,70343,2,11,84,21.5,2,1,NA,NA
2017849,70351,1,1,1322,52,5,2,0.088,NA
2017849,70351,1,2,706,45.5,5,2,0.034,NA
2017849,70351,1,3,768,44.5,4,2,0.068,NA
2017849,70351,1,4,260,31,3,1,NA,NA
2017849,70351,1,5,202,28.5,3,2,NA,NA
2017849,70351,1,6,106,22.5,2,1,NA,NA
2017849,70351,1,7,1264,56,5,2,0.02,NA
2017849,70351,1,8,346,35.5,4,1,NA,NA
2017849,70351,1,9,40,18.5,2,NA,NA,NA
2017849,70351,2,1,25,15,1,NA,NA,NA
2017849,70351,2,2,18,13,1,NA,NA,NA
2017849,70401,1,1,1098,50,5,1,0.042,0.004
2017849,70401,1,2,1448,57,6,1,0.046,0.01
2017849,70401,1,3,2280,66,6,1,0.124,0.011
2017849,70401,1,4,1028,49,5,1,0.032,0.005
2017849,70401,1,5,722,42.5,4,1,0.032,0.004
2017849,70401,1,6,388,36,3,2,NA,NA
2017849,70401,1,7,264,31.5,3,1,NA,NA
2017849,70401,1,8,88,23,2,1,NA,NA
2017849,70401,1,9,13,13,1,NA,NA,NA
2017849,70401,1,10,116,25,3,2,NA,NA
2017849,70401,1,11,36,17.5,2,NA,NA,NA
2017849,70412,1,1,2872,72,7,2,0.106,0.002
2017849,70412,1,2,3742,77,7,1,0.278,0.024
2017849,70412,1,3,2558,66,6,1,0.11,0.012
2017849,70412,1,4,1616,59,6,1,0.026,0.01
2017849,70412,1,5,722,45,4,2,0.036,0.002
2017849,70412,1,6,362,35,3,2,NA,NA
2017849,70412,1,7,768,44.5,4,2,0.052,0.001
2017849,70412,1,8,282,33.5,3,2,NA,NA
2017849,70412,1,9,182,28,3,2,NA,NA
2017849,70412,1,10,62,21,2,2,NA,NA
2017849,70412,1,12,24,15.5,1,NA,NA,NA
2017625,71003,1,1,3442,69,6,1,0.097,0.018
2017625,71004,1,1,2648,68,8,2,0.049,0.213
2017625,71004,1,2,4425,80,8,1,0.442,0.033
2017625,71004,1,3,2370,66,6,2,0.088,0.168
2017625,71004,1,4,1600,54,4,1,0.067,0.007
2017625,71004,1,5,2690,70,7,2,0.095,0.267
2017625,71004,1,6,5085,86,8,1,0.204,0.072
2017625,71004,1,7,3860,74,6,2,0.172,0.331
2017625,71004,1,8,2665,69,8,1,0.235,0.136
2017625,71004,1,9,9165,96,8,2,0.599,1.071
2017625,71004,1,10,10325,100,11,1,0.941,2.173
2017625,71004,1,11,3140,74,8,1,0.23,0.264
2017625,71004,1,12,1525,53,5,1,0.039,0.01
2017625,71004,1,14,6850,88,7,1,0.409,0.931
2017625,71004,1,15,4320,77,8,2,0.243,0.257
2017625,71004,1,16,3690,73,5,1,0.187,0.479
2017625,71004,1,17,6005,86,9,1,0.581,0.045
2017625,71004,1,18,7640,91,9,2,0.695,1.031
2017625,71004,1,19,2250,64,5,1,0.108,0.011
2017625,71004,1,20,2025,60,6,2,0.046,0.151
2017625,71004,1,21,5070,83,9,1,0.332,0.843
2017625,71004,1,22,4720,80,9,1,0.414,0.4
2017625,71004,1,23,3535,73,7,2,0.147,0.293
2017625,71004,1,24,3965,76,7,1,0.368,0.645
2017625,71004,1,25,3920,77,8,2,0.119,0.342
2017625,71004,1,26,4170,81,9,2,0.291,0.01
2017625,71004,1,27,3115,77,8,1,0.274,0.075
2017625,71004,1,28,7245,91,9,1,0.786,0.862
2017625,71004,1,29,2230,62,6,2,0.091,0.189
2017625,71004,1,30,2775,68,6,1,0.083,0.011
2017625,71004,1,31,2860,65,6,2,0.118,NA
2017625,71004,1,32,3265,77,9,2,0.102,0.243
2017625,71004,1,33,2385,62,5,1,0.047,0.013
2017625,71004,1,34,1860,61,7,2,0.074,0.154
2017625,71005,1,1,2070,65,6,2,0.049,0.004
2017625,71005,1,2,3015,71,6,1,0.24,0.02
2017625,71005,1,3,3730,80,8,2,0.85,0.295
2017625,71006,1,1,270,31.5,2,1,NA,NA
2017625,71006,1,2,1925,62,6,1,0.137,0.014
2017625,71006,1,3,2035,63,7,1,0.163,0.037
2017625,71006,1,4,8205,102,12,1,0.798,0.216
2017625,71008,1,1,2472,62,5,1,0.102,0.009
2017625,71008,1,2,3845,75,8,1,0.329,0.018
2017625,71008,1,3,3170,70,8,1,0.217,0.017
2017625,71008,1,4,3795,71,6,2,0.281,0.005
2017625,71008,1,5,3925,77,9,1,0.145,0.678
2017625,71008,1,6,2810,67,6,2,0.039,0.052
2017625,71008,1,7,4500,81,6,1,0.294,0.016
2017625,71008,1,8,6080,83,6,1,0.328,0.081
2017625,71008,1,9,4950,79,8,1,0.382,0.514
2017625,71008,1,10,3515,72,7,2,0.32,0.331
2017625,71008,1,11,1190,49,3,2,0.021,NA
2017625,71008,1,12,5045,83,8,1,0.374,0.719
2017625,71008,1,13,3745,78,12,1,0.082,0.073
2017625,71008,1,14,1500,57,6,2,0.124,0.101
2017625,71008,1,15,3525,72,7,2,0.198,0.398
2017625,71008,1,16,1590,60,7,1,0.079,0.218
2017625,71008,1,17,1670,58,6,1,0.078,0.252
2017625,71008,1,18,2380,67,7,1,0.17,0.424
2017625,71008,1,19,1385,49,3,2,0.039,NA
2017625,71008,1,20,2015,55,4,NA,0.053,NA
2017625,71008,1,21,2915,71,7,2,0.184,0.005
2017625,71008,1,22,6055,83,5,1,0.255,0.031
2017625,71008,1,23,4605,78,8,1,0.391,0.541
2017625,71008,1,24,6055,82,9,2,0.349,0.604
2017625,71008,1,25,5885,93,9,1,0.245,0.128
2017625,71008,1,26,6030,87,10,1,0.282,1.099
2017625,71008,1,27,7155,92,10,1,0.985,0.865
2017625,71008,1,28,1945,61,7,2,0.029,0.105
2017625,71008,1,29,6795,88,10,1,0.272,0.857
2017625,71008,1,30,1860,56,5,2,0.031,0.102
2017625,71008,1,31,2220,65,6,1,0.107,0.011
2017625,71008,1,32,3170,66,5,1,0.174,0.015
2017625,71008,1,33,4370,85,11,1,0.196,0.083
2017625,71008,1,34,2090,63,6,2,0.092,0.146
2017625,71008,1,35,3660,67,5,1,0.186,0.02
2017625,71008,1,36,2375,64,6,2,0.126,0.15
2017625,71008,1,37,4820,85,8,1,0.288,0.037
2017625,71008,1,38,6085,87,9,1,0.582,0.773
2017625,71008,1,39,14800,105,12,1,1.823,2.94
2017625,71008,1,40,766,43,3,2,0.019,NA
2017625,71008,1,41,1600,52,5,1,0.039,0.007
2017625,71008,1,42,13725,104,16,2,0.808,2.281
2017625,71008,1,43,2035,59,5,2,0.086,0.156
2017625,71008,1,44,1825,54,4,1,0.033,0.004
2017625,71008,1,45,1565,53,3,1,0.053,0.004
2017625,71008,1,46,7525,98,8,2,0.195,0.061
2017625,71008,1,47,1700,53,4,1,0.044,0.006
2017625,71008,1,48,7220,102,10,1,0.424,0.141
2017625,71008,1,49,6285,95,9,1,0.535,0.117
2017625,71011,1,1,4360,84,8,1,0.16,0.083
2017625,71011,1,2,8540,99,11,1,0.722,0.227
2017625,71013,1,1,3920,76,6,1,NA,NA
2017625,71015,1,1,6220,89,11,2,0.367,NA
2017625,71015,1,2,16890,117,14,2,1.189,NA
2017625,71015,1,3,6645,89,9,2,0.487,NA
2017625,71015,1,4,4785,83,10,2,0.375,NA
2017625,71015,1,5,9475,97,12,1,0.72,2.101
2017625,71015,1,6,2505,68,7,1,0.169,0.382
2017625,71015,1,7,3550,76,9,2,0.167,NA
2017625,71015,1,8,1925,62,7,2,0.045,NA
2017625,71015,1,9,3140,72,7,2,0.127,NA
2017625,71015,1,10,4385,83,9,2,0.293,NA
2017625,71015,1,11,5095,79,9,1,0.143,0.862
2017625,71015,1,12,3585,76,8,2,0.221,NA
2017625,71015,1,13,5580,84,11,1,0.259,0.858
2017625,71015,1,14,5420,86,8,2,0.363,NA
2017625,71015,1,15,7850,96,6,2,0.261,NA
2017625,71015,1,16,2635,66,7,2,0.101,NA
2017625,71015,1,17,4420,82,8,2,0.323,NA
2017625,71015,1,18,2185,67,8,2,0.109,NA
2017625,71015,1,19,4985,85,9,2,0.247,NA
2017625,71015,1,20,8825,98,9,1,0.735,1.713
2017625,71015,1,21,2580,70,9,2,0.155,NA
2017625,71015,1,22,5160,82,8,2,0.23,NA
2017625,71015,1,23,5545,86,8,2,0.317,NA
2017625,71015,1,24,7250,98,10,2,0.174,NA
2017625,71015,1,25,7595,92,13,1,0.497,1.16
2017625,71015,1,26,5640,92,8,2,0.253,NA
2017625,71015,1,27,12515,117,11,1,0.16,0.714
2017625,71015,1,28,14860,113,14,1,0.826,2.159
2017625,71015,1,29,3200,75,9,2,0.125,NA
2017625,71015,1,30,9810,96,12,2,0.563,NA
2017625,71015,1,31,4095,79,12,2,0.182,NA
2017625,71015,1,32,2620,70,8,2,0.033,NA
2017625,71015,1,33,3310,74,8,2,0.14,NA
2017625,71015,1,34,2650,67,8,2,0.134,NA
2017625,71015,1,35,7215,93,8,1,0.621,0.732
2017625,71015,1,36,6650,92,9,2,0.31,NA
2017625,71015,1,37,2495,70,8,2,0.137,NA
2017625,71015,1,38,16270,107,12,1,1.385,3.604
2017625,71015,1,39,11115,105,12,2,1.019,NA
2017625,71015,1,40,10235,108,11,2,0.622,NA
2017625,71015,1,41,9480,102,12,2,0.619,NA
2017625,71015,1,42,11700,103,11,1,1.143,2.01
2017625,71015,1,43,7090,91,11,1,0.67,1.666
2017625,71015,1,44,10115,104,11,2,0.726,NA
2017625,71015,1,45,10250,104,11,1,0.775,1.181
2017625,71018,1,1,2830,71,9,2,0.084,NA
2017625,71019,1,1,3150,73,8,2,0.061,NA
2017625,71019,1,2,10435,103,13,2,0.813,NA
2017625,71019,1,3,12245,117,16,1,0.507,0.779
2017625,71019,1,4,6420,90,9,1,0.618,0.172
2017625,71019,1,5,5865,87,9,2,0.456,NA
2017625,71019,1,6,6585,94,12,2,0.179,NA
2017625,71019,1,7,6130,87,11,2,0.274,NA
2017625,71019,1,8,6035,87,9,2,0.321,NA
2017625,71019,1,9,7410,88,13,1,0.313,1.219
2017625,71019,1,10,3710,82,10,2,0.116,NA
2017625,71019,1,11,3225,73,7,2,0.089,NA
2017625,71019,1,12,3980,85,10,2,0.109,NA
2017625,71019,1,13,3615,74,7,2,0.218,NA
2017625,71019,1,14,7240,96,9,2,0.404,NA
2017625,71019,1,15,11405,107,15,1,0.938,1.993
2017625,71019,1,16,9145,102,12,2,0.83,NA
2017625,71019,1,17,14485,114,12,1,1.521,2.028
2017625,71019,1,18,4585,79,10,2,0.134,NA
2017625,71019,1,19,4280,80,8,2,0.176,NA
2017625,71019,1,20,2785,76,8,1,0.084,0.028
2017625,71019,1,21,8855,97,11,1,0.595,1.202
2017625,71019,1,22,5945,93,12,1,0.532,0.246
2017625,71019,1,23,6365,97,11,1,0.229,0.292
2017625,71019,1,24,3600,78,10,2,0.169,NA
2017625,71019,1,25,5835,91,9,2,0.212,NA
2017625,71019,1,26,12100,113,11,1,0.638,0.236
2017625,71019,1,27,18000,117,11,1,0.628,2.716
2017625,71019,1,28,14765,106,12,1,0.841,4.01
2017625,71019,1,29,5055,93,10,1,0.47,0.126
2017625,71019,1,30,7550,102,12,1,0.304,0.162
2017625,71019,1,31,12825,97,12,1,0.839,3.635
2017625,71019,1,32,6765,97,12,1,0.912,0.218
2017625,71019,1,33,4325,79,9,2,0.163,NA
2017625,71019,1,34,13830,107,10,1,1.304,2.005
2017625,71019,1,35,8740,101,12,1,0.885,0.262
2017625,71019,1,36,2970,69,8,2,0.108,NA
2017625,71019,1,37,2605,66,6,2,0.089,NA
2017625,71019,1,38,4350,82,8,2,0.044,NA
2017625,71019,1,39,15640,111,13,1,0.942,3.295
2017625,71019,1,40,12195,103,13,1,1.508,1.921
2017625,71019,1,41,3325,79,8,1,0.137,0.077
2017625,71019,1,42,12685,108,10,1,1.246,0.408
2017625,71019,1,43,10955,111,12,1,0.553,0.278
2017625,71019,1,44,9105,105,11,1,1.047,0.38
2017625,71019,1,45,5115,83,8,2,0.3,NA
2017625,71020,1,1,6860,98,9,1,0.215,0.261
2017625,71020,1,2,7100,90,7,2,0.259,NA
2017625,71020,1,3,4810,83,6,2,0.092,NA
2017625,71020,1,4,7315,95,10,2,0.473,NA
2017625,71020,1,5,4015,75,7,2,0.238,NA
2017625,71020,1,6,6965,91,9,1,0.604,1.064
2017625,71020,1,7,6700,92,10,2,0.361,NA
2017625,71020,1,9,5250,82,8,1,0.117,0.412
2017625,71020,1,10,10795,95,9,1,0.781,0.785
2017625,71020,1,11,2490,64,6,2,0.065,NA
2017625,71020,1,12,1790,58,4,2,0.038,NA
2017625,71020,1,13,7465,100,10,1,0.366,0.424
2017625,71020,1,14,8345,93,8,1,0.747,1.037
2017625,71020,1,15,6130,80,10,2,0.096,NA
2017625,71020,1,16,1505,53,4,2,0.033,NA
2017625,71020,1,18,7650,99,11,1,0.499,0.394
2017625,71020,1,19,4160,81,9,1,0.288,0.51
2017625,71020,1,20,13605,102,12,1,1.704,2.373
2017625,71020,1,21,3620,77,9,2,0.134,NA
2017625,71020,1,22,7380,93,8,1,0.328,0.899
2017625,71020,1,23,10165,108,12,2,0.966,NA
2017625,71020,1,24,11315,103,12,1,1.166,1.972
2017625,71020,1,25,12365,105,15,1,1.395,2.445
2017625,71020,1,26,8580,101,12,1,1.125,0.412
2017625,71020,1,27,1980,55,4,1,0.09,0.22
2017625,71020,1,28,6490,87,8,1,0.671,0.55
2017625,71020,1,29,5190,83,9,1,0.347,0.966
2017625,71020,1,30,13130,106,13,1,1.25,2.894
2017625,71020,1,31,9255,101,13,1,0.637,0.495
2017625,71020,1,32,5735,88,11,2,0.223,NA
2017625,71020,1,33,5600,79,7,1,0.651,0.461
2017625,71020,1,34,3155,73,8,2,0.174,NA
2017625,71020,1,35,4035,77,8,2,0.142,NA
2017625,71020,1,36,1775,60,4,2,0.034,NA
2017625,71020,1,37,11165,106,10,2,0.96,1.38
2017625,71020,1,38,3425,72,8,2,0.172,NA
2017625,71020,1,39,5495,87,9,2,0.316,NA
2017625,71020,1,40,3085,66,5,1,0.167,0.342
2017625,71020,1,41,14445,111,11,1,1.54,2.264
2017625,71020,1,42,1405,51,4,2,0.025,NA
2017625,71020,1,43,3840,85,7,2,0.117,NA
2017625,71020,1,44,2665,72,7,2,0.157,NA
2017625,71020,1,45,3040,71,7,2,0.064,NA
2017625,71020,1,46,1625,56,6,2,0.056,NA
2017625,71020,1,47,3720,77,8,2,0.108,NA
2017625,71020,1,48,7005,86,8,1,0.466,1.403
2017625,71020,1,49,17540,107,14,1,1.588,5.24
2017625,71020,1,50,23620,124,13,1,1.585,2.819
2017625,71020,1,51,1705,57,4,2,0.033,NA
2017625,71021,1,1,2980,68,6,2,0.076,NA
2017625,71029,1,1,2332,62,5,1,0.045,0.015
2017625,71031,1,1,3585,71,5,2,0.055,NA
2017625,71031,1,2,2415,62,6,1,0.082,0.135
2017625,71031,1,3,3790,73,6,1,0.149,0.016
2017625,71031,1,4,3065,69,5,1,0.134,0.012
2017625,71033,1,1,11,11,1,NA,NA,NA
2017625,71033,1,2,1275,52,5,2,0.017,NA
2017625,71033,1,3,9690,102,12,1,1.204,0.445
2017625,71033,1,4,8480,99,12,2,0.786,NA
2017625,71033,1,5,8605,102,8,2,0.743,NA
2017625,71033,1,6,6035,85,8,2,0.621,NA
2017625,71033,1,7,3375,73,7,1,0.39,0.221
2017625,71033,1,8,8115,102,14,1,0.537,NA
2017625,71033,1,9,11645,113,12,2,0.697,NA
2017625,71033,1,10,8405,101,12,2,0.641,NA
2017625,71033,1,11,6040,89,12,2,0.317,NA
2017625,71033,1,12,8020,100,11,2,0.601,NA
2017625,71033,1,13,9330,106,11,2,0.823,NA
2017625,71033,1,14,5550,88,8,1,0.274,0.088
2017625,71033,1,15,10210,107,10,1,0.904,0.333
2017625,71033,1,16,6720,93,10,2,0.768,NA
2017625,71033,1,17,4885,86,8,1,0.314,0.386
2017625,71033,1,18,5135,88,10,2,0.36,NA
2017625,71033,1,19,3400,79,9,2,0.17,NA
2017625,71033,1,20,2940,68,6,2,0.077,NA
2017625,71033,1,21,3295,77,8,1,0.198,0.11
2017625,71033,1,22,8275,98,11,1,1.005,0.266
2017625,71033,1,23,5670,90,9,2,0.291,NA
2017625,71033,1,24,13885,121,13,2,0.7,NA
2017625,71033,1,25,7185,95,9,2,0.591,NA
2017625,71033,1,26,3805,76,6,2,0.281,NA
2017625,71033,1,27,8565,98,11,2,0.579,NA
2017625,71033,1,28,2380,66,7,2,0,NA
2017625,71033,1,29,6845,98,10,1,0.318,0.202
2017625,71033,1,30,3880,75,7,2,0.134,NA
2017625,71033,1,31,5175,78,6,1,0.641,0.645
2017625,71033,1,32,1120,49.5,4,1,0.021,0.07
2017625,71033,1,33,1190,51,4,1,0.019,0.008
2017625,71033,1,34,230,27,2,1,NA,NA
2017625,71037,1,1,4430,85,8,2,0.074,NA
2017625,71037,1,2,2175,63,8,1,0.058,0.081
2017625,71037,1,3,3125,69,5,2,0.145,NA
2017625,71037,1,4,3115,70,7,1,0.093,0.019
2017625,71037,1,5,2050,56,5,2,0.048,NA
2017625,71038,1,1,3805,75,7,2,0.339,NA
2017625,71038,1,2,3715,75,8,2,0.141,NA
2017625,71038,1,3,7640,96,12,2,0.486,NA
2017625,71038,1,4,11760,110,10,1,0.622,1.309
2017625,71038,1,5,7930,93,8,2,0.707,NA
2017625,71038,1,6,5975,85,7,2,0.303,NA
2017625,71038,1,7,6180,84,8,2,0.544,NA
2017625,71038,1,8,10130,104,12,1,1.154,1.134
2017625,71038,1,9,2725,67,5,2,0.064,NA
2017625,71038,1,10,3265,69,8,1,0.109,0.234
2017625,71038,1,11,3570,71,5,2,0.148,NA
2017625,71038,1,12,5875,91,10,2,0.311,NA
2017625,71038,1,13,4885,84,7,2,0.26,NA
2017625,71038,1,14,5065,85,9,2,0.327,NA
2017625,71038,1,15,1915,57,5,1,0.041,0.012
2018202,70024,1,1,2580,67,7,2,0.079,0.003
2018202,70024,1,2,5150,84,7,1,0.419,0.052
2018202,70024,1,3,2980,70,7,1,0.186,0.032
2018202,70024,1,4,490,38.5,3,2,NA,NA
2018202,70024,1,5,280,31.5,3,1,NA,NA
2018202,70024,1,6,200,29.5,3,2,NA,NA
2018202,70024,1,7,1490,57,6,2,0.036,0.003
2018202,70024,1,8,530,41,4,1,0.015,0.001
2018202,70024,1,9,10,11.5,1,NA,NA,NA
2018202,70024,1,10,1100,50,5,2,0.042,0.001
2018202,70024,1,11,700,45,5,1,0.022,0.003
2018202,70024,1,12,56,20,2,1,NA,NA
2018202,70024,1,13,41,19,2,NA,NA,NA
2018202,70024,1,14,2170,64,7,1,0.098,0.013
2018202,70024,1,15,3790,77,7,2,0.071,0.001
2018202,70024,1,16,5,9.5,1,NA,NA,NA
2018202,70025,1,1,580,43,4,1,0.017,0.003
2018202,70025,1,2,2120,63,6,1,0.208,0.021
2018202,70025,1,3,1550,58,7,2,0.109,NA
2018202,70025,1,4,1230,54,6,2,0.068,NA
2018202,70025,1,5,880,46.5,4,2,0.021,NA
2018202,70025,1,6,2230,66,6,2,0.125,0.002
2018202,70025,1,7,500,39,3,2,NA,NA
2018202,70025,1,8,2780,71,7,1,0.09,0.022
2018202,70025,1,9,3775,76,8,2,0.411,0.175
2018202,70025,1,10,234,33.5,3,2,NA,NA
2018202,70025,1,11,130,25,2,1,NA,NA
2018202,70026,1,1,1785,61,5,1,0.099,0.012
2018202,70026,1,2,1940,59,6,1,0.141,0.013
2018202,70026,1,3,2520,65,7,1,0.187,0.023
2018202,70026,1,4,495,41,4,2,0.011,0.001
2018202,70026,1,5,4480,78,7,2,0.296,0.037
2018202,70026,1,6,830,45.5,4,1,0.022,0.004
2018202,70026,1,7,2900,70,7,2,0.233,0.003
2018202,70026,1,8,4245,80,8,1,0.272,0.053
2018202,70026,1,9,345,36,3,1,NA,NA
2018202,70026,1,10,1150,51,5,1,0.051,0.006
2018202,70026,1,11,270,32.5,3,1,NA,NA
2018202,70026,1,12,8515,96,9,1,0.748,0.352
2018202,70034,1,1,1925,61,6,2,0.133,0.003
2018202,70034,1,2,4530,80,7,1,0.435,0.048
2018202,70034,1,3,2980,70,6,2,0.077,0.003
2018202,70034,1,4,1235,53,6,1,0.035,0.006
2018202,70034,1,5,2730,68,7,1,0.173,0.016
2018202,70034,1,6,1035,49,5,1,0.068,0.005
2018202,70034,1,7,1305,56,6,1,0.033,0.004
2018202,70034,1,8,535,40,4,1,0.02,0.004
2018202,70034,1,9,445,37,4,1,NA,NA
2018202,70034,1,10,350,34.5,3,2,NA,NA
2018202,70034,1,11,190,28.5,3,2,NA,NA
2018202,70034,1,12,98,23,2,1,NA,NA
2018202,70039,1,1,2490,63,6,1,0.265,0.016
2018202,70039,1,2,815,43.5,4,1,0.068,0.005
2018202,70039,1,3,775,46,4,1,0.018,0.005
2018202,70039,1,4,1005,50,4,1,0.022,0.003
2018202,70039,1,5,435,34.5,4,2,NA,NA
2018202,70039,1,6,440,36.5,3,2,NA,NA
2018202,70039,1,7,205,29.5,3,1,NA,NA
2018202,70039,1,8,100,24,2,2,NA,NA
2018202,70039,1,9,6,10.5,1,NA,NA,NA
2018202,70039,1,10,5,9.5,1,NA,NA,NA
2018202,70039,1,11,2640,69,7,1,0.202,0.015
2018202,70039,1,12,1800,59,6,1,0.123,0.008
2018202,70039,1,13,20,15,1,NA,NA,NA
2018202,70039,1,14,4100,76,8,1,0.226,0.024
2018202,70056,1,1,1225,51,6,1,0.113,0.006
2018202,70056,1,2,1890,65,5,1,0.041,0.014
2018202,70056,1,3,1015,49,5,2,0.062,0.002
2018202,70056,1,4,645,42.5,5,2,0.032,0.001
2018202,70056,1,5,475,38,5,1,NA,NA
2018202,70056,1,6,230,30.5,3,2,NA,NA
2018202,70056,1,7,185,28.5,2,2,NA,NA
2018202,70056,1,8,1570,58,6,1,0.044,0.012
2018202,70056,1,9,2085,63,6,1,0.1,0.02
2018202,70056,1,10,111,24,2,1,NA,NA
2018202,70056,1,11,3920,78,9,1,0.456,0.008
2018202,70056,1,12,2830,73,6,2,0.043,0.003
2018202,70056,1,13,24,16,1,NA,NA,NA
2018202,70056,1,14,7,9.5,1,NA,NA,NA
2018202,70056,1,15,14,13,1,NA,NA,NA
2018202,70056,1,16,5405,86,8,1,0.223,0.035
2018202,70056,1,17,3795,80,9,1,0.072,0.023
2018202,70068,1,1,325,33.5,3,2,NA,NA
2018202,70068,1,2,535,39,4,1,NA,NA
2018202,70068,1,3,225,29.5,3,1,NA,NA
2018202,70068,1,4,100,23,2,2,NA,NA
2018202,70068,1,5,45,18.5,2,NA,NA,NA
2018202,70068,1,6,17,14.5,1,NA,NA,NA
2018202,70068,1,7,5,9.5,1,NA,NA,NA
2018202,70124,1,1,485,39,4,1,NA,NA
2018202,70124,1,2,105,24,2,2,NA,NA
2018202,70124,1,3,1155,51,4,2,0.035,0.002
2018202,70124,1,4,3390,74,9,2,0.14,0.306
2018202,70124,1,5,4975,81,9,2,0.381,0.001
2018202,70124,1,6,175,27.5,3,1,NA,NA
2018202,70124,1,7,48,19.5,2,NA,NA,NA
2018202,70124,1,8,5175,85,8,1,0.212,0.028
2018202,70124,1,9,3740,75,8,1,0.195,0.251
2018202,70124,1,10,550,40.5,3,1,0.013,0.003
2018202,70124,1,11,11,12.5,1,NA,NA,NA
2018202,70155,1,1,2295,64,8,1,0.137,0.193
2018202,70155,1,2,6255,87,10,1,0.333,0.381
2018202,70155,1,3,1430,54,4,2,0.068,0.003
2018202,70155,1,4,910,49,4,2,0.054,0.002
2018202,70155,1,5,500,38.5,4,1,NA,NA
2018202,70155,1,6,109,26,2,2,NA,NA
2018202,70155,1,7,63,21,2,1,NA,NA
2018202,70155,1,8,235,32,4,1,NA,NA
2018202,70155,1,9,2735,69,6,2,0.129,0.258
2018202,70155,1,10,7350,94,10,1,0.686,0.033
2018202,70155,1,11,690,44,4,2,0.022,0.002
2018202,70155,1,12,37,17,1,NA,NA,NA
2018202,70155,1,13,7,11,1,NA,NA,NA
2018836,70315,1,1,2518,67,6,1,0.064,0.014
2018836,70315,1,2,558,41,3,1,0.008,0.001
2018836,70315,1,3,3664,77,7,2,0.098,0.004
2018836,70315,1,4,144,26.5,2,2,NA,NA
2018836,70315,1,5,8506,92,12,2,0.536,0.628
2018836,70315,1,6,1256,55,5,1,0.018,0.006
2018836,70315,1,7,2910,70,6,2,0.06,0.001
2018836,70315,1,8,48,18.5,2,NA,NA,NA
2018836,70315,1,9,102,24,2,2,NA,NA
2018836,70315,1,10,1152,51,5,1,0.018,0.006
2018836,70315,1,11,730,45.5,4,2,0.036,0.001
2018836,70315,1,12,418,37,4,1,NA,NA
2018836,70315,1,13,1706,60,5,1,0.048,0.008
2018836,70315,1,14,12,12,1,NA,NA,NA
2018836,70315,1,15,5,9,1,NA,NA,NA
2018836,70322,1,1,352,36.5,3,1,NA,NA
2018836,70322,1,2,330,34,3,1,NA,NA
2018836,70322,1,3,508,41,3,1,0.011,0.003
2018836,70322,1,4,2924,70,6,1,0.208,0.072
2018836,70322,1,5,3752,75,7,2,0.116,0.346
2018836,70322,1,6,1982,64,7,2,0.13,0.003
2018836,70322,1,7,1812,59,7,1,0.108,0.056
2018836,70322,1,8,2308,68,6,1,0.148,0.02
2018836,70322,1,9,816,48,4,2,0.024,0.003
2018836,70322,1,10,1308,54,5,2,0.082,0.002
2018836,70322,1,11,182,28.5,2,2,NA,NA
2018836,70350,1,1,3872,79,9,2,0.124,0.014
2018836,70350,1,2,712,46,4,2,0.014,0.001
2018836,70350,1,3,2430,66,7,2,0.07,0.224
2018836,70350,1,4,1546,56,7,1,0.072,0.011
2018836,70350,1,5,2922,72,7,1,0.084,0.024
2018836,70350,1,6,392,37.5,3,2,NA,NA
2018836,70350,1,7,108,23.5,2,2,NA,NA
2018836,70350,1,8,1994,61,7,2,0.052,0.158
2018836,70350,1,9,1280,52,4,2,0.058,0.001
2018836,70350,1,10,4960,86,9,1,0.24,0.05
2018836,70350,1,11,570,42,4,1,0.01,0.001
2018836,70354,1,1,4196,81,9,2,0.169,0.008
2018836,70354,1,2,3418,74,7,1,0.083,0.018
2018836,70354,1,3,3182,76,8,2,0.061,0.005
2018836,70354,1,4,2402,66,7,1,0.109,0.018
2018836,70354,1,5,4992,88,9,1,0.179,0.034
2018836,70354,1,6,1850,64,8,2,0.018,0.003
2018836,70354,1,7,1246,51,4,1,0.057,0.004
2018836,70354,1,8,386,36.5,3,1,NA,NA
2018836,70354,1,9,1388,56,6,1,0.034,0.009
2018836,70354,1,10,266,33,3,2,NA,NA
2018836,70354,1,11,176,28,2,1,NA,NA
2018836,70354,1,12,866,46.5,5,1,0.016,0.003
2018836,70354,1,13,580,42,4,1,0.007,0.002
2018836,70357,1,1,3746,75,8,2,0.331,0.322
2018836,70357,1,2,2142,63,7,2,0.092,0.264
2018836,70357,1,3,1620,56,6,2,0.039,0.104
2018836,70357,1,4,2310,67,7,2,0.088,0.196
2018836,70357,1,5,2566,70,6,2,0.077,0.005
2018836,70357,1,6,406,38,4,2,NA,NA
2018836,70357,1,7,842,48,5,1,0.016,0.003
2018836,70357,1,8,1232,54,5,1,0.031,0.005
2018836,70357,1,9,258,33,3,2,NA,NA
2018836,70357,1,10,652,44,4,2,0.039,0.002
2018836,70360,1,1,20280,122,13,1,0.85,0.97
2018836,70360,1,2,1576,59,5,2,0.082,0.001
2018836,70360,1,3,2312,66,7,1,0.06,0.016
2018836,70360,1,4,62,20.5,2,2,NA,NA
2018836,70360,1,5,498,40.5,3,1,0.01,0.002
2018836,70360,1,6,3240,76,7,2,0.104,0.001
2018836,70360,1,7,452,39,4,2,NA,NA
2018836,70360,1,8,2006,64,6,2,0.026,0.001
2018836,70360,1,9,2286,72,8,2,0.074,0.001
2018836,70360,1,10,4756,80,7,1,0.57,0.038
2018836,70360,1,11,290,34,3,1,NA,NA
2018836,70360,1,12,18,14.5,1,NA,NA,NA
2018836,70360,1,13,5404,91,9,1,0.118,0.032
2018836,70360,1,14,968,50,4,1,0.016,0.003
2018836,70369,1,1,3300,76,7,1,0.098,0.02
2018836,70369,1,2,1338,54,5,2,0.036,0.001
2018836,70369,1,3,2852,66,8,2,0.104,0.2
2018836,70369,1,4,4662,81,9,2,0.232,0.016
2018836,70369,1,5,110,25,2,1,NA,NA
2018836,70369,1,6,106,23.5,2,2,NA,NA
2018836,70369,1,7,208,30.5,3,1,NA,NA
2018836,70369,1,8,442,38,4,2,NA,NA
2018836,70369,1,9,7652,99,12,2,0.1,0.014
2018836,70370,1,1,2958,71,7,1,0.112,0.022
2018836,70370,1,2,1484,56,5,2,0.044,0.001
2018836,70370,1,3,804,46.5,4,2,0.02,0.001
2018836,70370,1,4,1404,54,5,2,0.032,0.001
2018836,70370,1,5,1958,60,6,1,0.11,0.012
2018836,70370,1,6,2246,67,7,1,0.072,0.016
2018836,70370,1,7,290,32.5,3,2,NA,NA
2018836,70370,1,8,646,44,4,1,0.012,0.003
2018836,70370,1,9,6,9.5,1,NA,NA,NA
2018836,70370,1,10,70,22,2,1,NA,NA
2018836,70370,1,11,8,11,1,NA,NA,NA
2018836,70370,1,12,444,37,3,2,NA,NA
2018836,70370,1,13,4932,85,7,2,0.376,0.002
2018836,70370,1,14,3480,75,7,2,0.166,0.001
2018836,70370,1,15,36,16.5,1,NA,NA,NA
2018836,70423,1,1,1272,52,6,2,0.078,0.001
2018836,70423,1,2,930,46.5,5,2,0.046,0.001
2018836,70423,1,3,326,33.5,4,1,NA,NA
2018836,70423,1,4,118,23.5,2,2,NA,NA
2018836,70423,1,5,566,39,4,2,NA,NA
2018836,70423,1,6,32,16,2,NA,NA,NA
2018836,70425,1,1,1482,50,4,1,0.03,0.003
2018836,70425,1,2,156,26.5,2,1,NA,NA
2018836,70425,1,3,430,37,3,2,NA,NA
2018836,70425,1,4,960,48.5,5,1,0.046,0.046
2018836,70425,1,5,1642,58,5,2,0.064,0.001
2018836,70425,1,6,2258,63,6,1,0.118,0.01
2018836,70425,1,7,2286,66,7,2,0.078,0.001
2018836,70425,1,8,6212,89,8,1,0.204,0.051
2018836,70425,1,9,956,44.5,4,2,0.036,0.001
2018836,70425,2,1,8,10.5,1,NA,NA,NA
2018836,70443,1,1,3446,75,8,2,0.098,NA
2018836,70443,1,3,3994,81,8,2,0.096,NA
2018836,70443,1,4,964,50,5,2,0.02,NA
2018836,70443,1,5,878,48,4,2,0.005,NA
2018836,70443,1,6,1748,60,5,2,0.018,NA
2018836,70443,1,7,1464,59,6,1,0.03,0.01
2018836,70443,1,8,6314,90,9,1,0.43,0.442
2018836,70443,1,9,2448,70,8,2,0.11,0.078
2018836,70443,1,10,422,37,4,1,NA,NA
2018836,70443,1,11,2260,66,5,1,0.098,0.01
2018836,70443,1,12,8706,97,9,1,0.71,0.65
2018836,70443,1,13,30,16.5,2,NA,NA,NA
2018836,70449,1,1,1624,59,5,2,0.04,0.002
2018836,70471,1,1,2756,71,7,2,0.06,0.001
2018836,70471,1,2,830,48.5,5,1,0.018,0.004
2018836,70471,1,3,976,50,4,1,0.022,0.004
2018836,70471,1,4,120,26.5,3,2,NA,NA
2018836,70471,1,5,96,24.5,2,2,NA,NA
2018836,70471,1,6,1298,56,5,2,0.014,NA
2018836,70471,1,7,2166,65,7,1,0.032,0.012
2018836,70471,1,8,4800,80,9,1,0.42,0.3
2018836,70471,1,9,2214,61,7,2,0.046,0.001
2018836,70471,1,10,5094,85,8,1,0.338,0.162
2018836,70471,1,11,36,17.5,2,NA,NA,NA
2018836,70471,1,12,14,13,1,NA,NA,NA
2018836,70499,1,1,2702,69,7,2,0.098,0.038
2018836,70499,1,2,1862,62,6,2,0.056,NA
2018836,70499,1,3,1154,52,4,1,0.018,0.006
2018836,70499,1,4,926,47.5,1,1,0.03,0.003
2018836,70508,1,1,3370,75,8,1,0.284,0.018
2018836,70508,1,2,2548,70,7,1,0.162,0.124
2018836,70508,1,3,858,47,4,2,0.014,NA
2018836,70517,1,2,1336,54,4,1,0.046,0.003
2018203,71003,1,1,16500,111,14,1,1.676,3.01
2018203,71003,1,2,7010,83,9,1,0.261,0.899
2018203,71003,1,3,4820,72,7,2,0.141,NA
2018203,71003,1,4,3840,74,7,1,0.15,NA
2018203,71003,1,5,2240,55,4,1,0.077,NA
2018203,71003,1,6,10340,91,10,2,0.449,NA
2018203,71003,1,7,4050,72,7,1,0.136,0.464
2018203,71003,1,8,4820,78,8,1,0.226,0.025
2018203,71003,1,9,15930,109,11,1,0.746,2.075
2018203,71003,1,10,10520,95,9,1,0.632,1.827
2018203,71003,1,11,13140,108,10,2,1.102,NA
2018203,71005,1,1,3830,75,7,2,0.126,0.394
2018203,71005,1,2,2840,70,7,2,0.168,0.301
2018203,71005,1,3,3390,75,7,1,0.241,0.214
2018203,71005,1,4,7385,92,10,2,0.254,1.201
2018203,71005,1,5,2900,69,7,1,0.118,0.376
2018203,71005,1,6,3980,77,8,2,0.128,0.296
2018203,71005,1,7,1975,63,7,2,0.063,0.17
2018203,71005,1,8,4400,81,9,2,0.225,0.276
2018203,71006,1,1,2285,65,6,2,0.168,NA
2018203,71006,1,2,2395,64,7,2,0.096,NA
2018203,71006,1,3,2465,67,8,2,0.121,NA
2018203,71006,1,4,1965,61,4,1,0.06,NA
2018203,71006,1,5,2090,59,4,1,0.053,NA
2018203,71006,1,6,3785,76,8,1,0.202,0.419
2018203,71006,1,7,2950,66,8,2,0.062,NA
2018203,71006,1,8,3375,77,8,1,0.08,NA
2018203,71006,1,9,4050,79,8,1,0.298,0.339
2018203,71008,1,1,7020,86,6,1,0.603,0.638
2018203,71008,1,2,9150,94,10,2,0.506,0.89
2018203,71008,1,3,4320,77,8,2,0.294,0.406
2018203,71008,1,4,6740,90,9,1,0.505,0.907
2018203,71008,1,5,7230,90,9,1,0.494,0.052
2018203,71008,1,6,1700,59,6,2,0.042,0.172
2018203,71008,1,7,2370,65,6,1,0.186,0.18
2018203,71008,1,8,4480,80,8,2,0.262,0.58
2018203,71012,1,1,6635,86,6,1,0.442,0.067
2018203,71012,1,2,4010,74,7,2,0.162,0.376
2018203,71012,1,3,2700,69,7,1,0.104,0.305
2018203,71012,1,4,3700,73,7,1,0.165,0.215
2018203,71012,1,5,1980,64,7,2,0.052,0.071
2018203,71012,1,6,2300,59,4,2,0.096,NA
2018203,71012,1,7,5450,88,10,1,0.235,0.562
2018203,71012,1,8,4720,83,8,1,0.327,0.083
2018203,71012,1,9,4670,85,7,2,0.082,0.119
2018203,71012,1,10,NA,74,6,2,0.31,0.366
2018203,71012,1,11,5990,85,10,2,0.318,0.732
2018203,71012,1,12,3170,78,7,2,0.108,0.223
2018203,71012,1,13,4320,80,5,2,0.197,0.339
2018203,71012,1,14,4200,74,6,1,0.379,0.226
2018203,71013,1,1,2320,57,5,2,0.105,0.005
2018203,71013,1,2,2475,64,6,2,0.048,0.058
2018203,71013,1,3,4345,77,7,1,0.124,0.661
2018203,71013,1,4,4600,79,8,2,0.272,NA
2018203,71013,1,5,2195,65,7,2,0.077,NA
2018203,71013,1,6,2850,67,5,1,0.097,0.013
2018203,71015,1,1,6105,92,9,2,0.16,NA
2018203,71015,1,2,6160,88,8,2,0.363,NA
2018203,71015,1,3,2955,70,5,1,0.04,0.016
2018203,71015,1,4,5675,82,7,2,0.178,NA
2018203,71015,1,5,8100,90,11,1,0.447,1.85
2018203,71015,1,6,3440,71,5,2,0.088,NA
2018203,71015,1,7,10490,99,10,2,0.603,NA
2018203,71015,1,8,5500,78,6,1,0.221,0.881
2018203,71015,1,9,18750,112,12,1,1.421,2.92
2018203,71015,1,10,NA,96,11,1,1.001,2.685
2018203,71015,1,11,5090,86,8,2,0.172,NA
2018203,71015,1,12,10720,97,11,2,0.694,NA
2018203,71015,1,13,15930,108,11,1,1.55,3.96
2018203,71015,1,14,16370,124,10,1,0.788,2.06
2018203,71015,1,15,15830,110,11,1,0.684,3.3
2018203,71015,1,16,10020,104,12,2,0.536,NA
2018203,71015,1,17,13000,103,12,1,1.568,1.905
2018203,71015,1,19,5660,81,6,1,0.476,0.379
2018203,71015,1,20,2115,59,4,2,0.054,NA
2018203,71016,1,1,5125,90,10,1,0.198,0.106
2018203,71016,1,2,7100,91,11,1,0.83,0.437
2018203,71016,1,3,7160,99,9,2,0.243,0.134
2018203,71016,1,4,3340,76,8,2,0.218,0.152
2018203,71016,1,5,4230,83,10,2,0.122,0.14
2018203,71016,1,6,3540,79,12,2,0.062,0.093
2018203,71016,1,7,23,14,1,NA,NA,NA
2018203,71017,1,1,8040,105,10,1,0.148,0.142
2018203,71021,1,1,12460,111,12,1,0.506,1.558
2018203,71021,1,2,2870,71,7,2,0.183,0.101
2018203,71022,1,1,7020,99,10,2,0.323,NA
2018203,71022,1,2,3860,77,7,1,0.353,0.419
2018203,71022,1,3,3040,75,6,2,0.085,NA
2018203,71022,1,4,2480,69,7,1,0.184,0.244
2018203,71022,1,5,3200,70,6,1,0.297,0.53
2018203,71022,1,6,2715,71,7,2,0.125,NA
2018203,71022,1,7,2530,67,7,1,0.17,0.386
2018203,71022,1,8,7590,99,9,1,0.565,0.98
2018203,71022,1,9,6430,90,11,2,0.304,NA
2018203,71022,1,10,7560,95,9,1,0.35,0.752
2018203,71022,1,11,9295,103,11,2,0.453,NA
2018203,71024,1,1,2545,69,7,2,0.177,NA
2018203,71024,1,2,4520,85,7,2,0.131,NA
2018203,71024,1,3,3075,73,7,2,0.294,NA
2018203,71024,1,4,8270,99,9,1,0.261,0.515
2018203,71024,1,5,9180,98,11,2,0.656,NA
2018203,71024,1,6,2450,64,7,1,NA,0.341
2018203,71024,1,7,2235,63,7,2,0.149,NA
2018203,71024,1,8,9235,104,11,2,0.68,NA
2018203,71024,1,9,7555,93,12,2,0.356,NA
2018203,71024,1,10,3650,76,7,2,0.099,NA
2018203,71024,1,11,8150,97,12,2,0.541,NA
2018203,71024,1,12,4850,80,8,2,0.182,NA
2018203,71024,1,13,3750,77,8,2,0.094,NA
2018203,71024,1,14,5260,87,11,1,0.396,0.734
2018203,71024,1,15,3830,71,8,2,0.272,NA
2018203,71024,1,16,6075,88,7,1,0.485,0.503
2018203,71024,1,17,7185,95,9,2,0.143,NA
2018203,71024,1,18,8085,98,8,2,0.386,NA
2018203,71024,1,19,6350,86,9,1,0.494,0.757
2018203,71024,1,20,6455,83,7,2,0.49,NA
2018203,71024,1,21,5060,81,12,2,0.195,NA
2018203,71024,1,22,4940,76,6,1,0.462,0.211
2018203,71024,1,23,17440,111,9,1,1.156,4.01
2018203,71024,1,24,12120,103,13,1,0.755,2.55
2018203,71024,1,25,5325,83,8,2,0.196,NA
2018203,71031,1,1,5985,86,8,2,0.169,NA
2018203,71031,1,2,2510,66,5,2,0.035,NA
2018203,71031,1,3,2800,68,5,2,0.119,NA
2018203,71031,1,4,2790,62,4,2,0.05,NA
2018203,71031,1,5,3850,80,8,1,0.24,0.084
2018203,71031,1,6,3640,76,6,2,0.069,NA
2018203,71031,1,7,6070,84,6,1,0.114,0.648
2018203,71031,1,8,2430,64,6,2,0.049,NA
2018203,71031,1,9,4290,83,7,2,0.167,NA
2018203,71031,1,10,3890,74,6,2,0.079,NA
2018203,71031,1,11,4175,78,8,2,0.269,NA
2018203,71031,1,12,2505,64,6,1,0.066,0.082
2018203,71031,1,13,3490,78,9,2,0.16,NA
2018203,71031,1,14,2225,60,5,1,0.135,0.24
2018203,71031,1,15,NA,81,7,1,0.325,0.167
2018203,71031,1,16,2905,70,6,2,0.065,NA
2018203,71031,1,17,2140,62,4,2,0.046,NA
2018203,71031,1,18,5880,92,9,2,0.283,NA
2018203,71031,1,19,2475,69,8,2,0.119,NA
2018203,71031,1,20,5260,86,9,2,0.206,NA
2018203,71031,1,21,12070,107,12,1,0.741,0.958
2018203,71031,2,1,4135,79,7,2,0.091,NA
2018203,71031,2,2,3135,70,5,2,0.053,NA
2018203,71031,2,3,3195,72,6,2,0.103,NA
2018203,71031,2,4,2690,68,7,2,0.072,NA
2018203,71031,2,5,2855,67,7,2,0.125,NA
2018203,71031,2,6,4685,75,6,1,0.125,0.968
2018203,71031,2,7,2620,66,5,2,0.066,NA
2018203,71031,2,8,1625,54,5,2,0.06,NA
2018203,71031,2,9,5605,88,9,2,0.288,NA
2018203,71031,2,10,3710,75,6,1,0.074,0.221
2018203,71031,2,11,2520,71,7,2,0.07,NA
2018203,71031,2,12,3370,79,10,2,0.066,NA
2018203,71031,2,13,3950,76,8,2,0.21,NA
2018203,71031,2,14,4895,86,8,2,0.141,NA
2018203,71031,2,15,4995,81,8,2,0.152,NA
2018203,71031,2,16,6220,82,6,1,0.577,1.013
2018203,71031,2,17,2510,62,4,2,0.059,NA
2018203,71031,2,18,3800,70,6,1,0.065,0.548
2018203,71031,2,19,2600,70,7,1,0.2,0.072
2018203,71031,2,20,6020,91,9,2,0.296,NA
2018203,71031,2,21,2340,60,5,2,0.039,NA
2018203,71031,2,22,5790,88,10,2,0.224,NA
2018203,71031,2,23,11000,109,12,1,0.334,1.194
2018203,71032,1,1,6150,90,7,2,0.24,0.249
2018203,71032,1,2,4990,75,7,1,0.14,0.745
2018203,71032,1,3,3840,79,11,2,0.193,0.284
2018203,71032,1,4,4160,83,10,2,0.128,0.106
2018203,71032,1,5,18980,113,12,1,1.288,4.32
2018203,71032,1,6,6710,91,7,2,0.224,0.354
2018203,71032,1,7,1510,56,5,2,0.039,0.026
2018203,71032,1,8,1620,61,7,2,0.052,0.028
2018203,71032,1,9,3600,70,6,2,0.111,0.022
2018203,71032,1,10,5940,91,10,2,0.176,0.102
2018203,71032,1,11,2530,64,5,2,0.05,0.032
2018203,71032,1,12,3520,71,5,2,0.233,0.049
2018203,71032,1,14,3010,69,8,1,0.164,0.414
2018203,71032,1,15,15140,112,14,1,0.885,2.32
2018203,71032,1,16,3510,73,8,1,0.241,0.43
2018203,71032,1,17,4850,81,8,1,0.151,0.544
2018203,71032,1,18,12500,109,15,1,NA,2.46
2018203,71032,1,19,6320,90,14,1,0.317,0.911
2018203,71032,1,20,7660,88,9,1,0.245,0.84
2018203,71032,1,21,4220,77,9,2,0.243,0.392
2018203,71034,1,1,7025,93,12,2,0.308,NA
2018203,71034,1,2,4635,84,8,2,0.368,NA
2018203,71034,1,3,6270,94,11,2,0.215,NA
2018203,71034,1,4,12990,107,10,1,0.845,2.123
2018203,71034,1,5,3420,72,6,2,0.069,NA
2018203,71034,1,6,15720,120,13,2,0.575,NA
2018203,71034,1,7,5600,88,9,2,0.132,NA
2018203,71034,1,8,14330,108,13,1,1.55,2.63
2018203,71034,1,9,14100,104,15,1,1.385,2.254
2018203,71034,1,10,6330,99,11,2,0.199,NA
2018203,71034,1,11,4130,77,7,2,0.22,NA
2018203,71034,1,12,4500,83,9,2,0.343,NA
2018203,71034,1,13,9020,95,11,1,0.74,1.37
2018203,71034,1,14,10180,106,14,1,0.825,0.309
2018203,71034,1,15,16130,105,12,1,1.118,3.72
2018203,71034,1,16,10220,109,12,1,0.728,0.576
2018203,71034,1,17,5190,79,6,1,0.178,0.741
2018203,71034,1,18,6890,95,10,1,0.345,0.439
2018203,71034,1,19,4730,85,8,2,0.14,NA
2018203,71034,1,20,14780,104,12,1,0.542,2.88
2018203,71034,1,21,5110,85,10,2,0.159,NA
2018203,71034,1,22,11780,103,13,1,1.154,2.273
2018203,71034,1,23,6300,91,9,2,0.169,NA
2018203,71034,1,24,8260,103,12,2,0.427,NA
2018203,71034,1,25,4770,82,9,1,0.485,0.461
2018203,71034,1,26,3900,82,10,2,0.135,NA
2018203,71034,1,27,5340,88,7,2,0.184,NA
2018203,71034,1,28,5790,91,8,1,0.359,0.339
2018203,71034,1,29,2650,64,5,2,0.059,NA
2018203,71034,1,30,2330,67,7,2,0.129,NA
2018203,71034,1,31,8170,98,11,1,0.75,1.309
2018203,71034,1,32,11670,112,12,1,0.521,1.76
2018203,71034,1,33,7780,98,12,1,0.83,0.714
2018203,71034,1,34,5640,87,7,1,0.278,0.667
2018203,71034,1,35,2850,74,8,2,0.104,NA
2018203,71034,1,36,2110,66,7,2,0.028,NA
2018203,71034,1,37,3860,77,7,2,0.236,NA
2018203,71034,1,38,3400,72,6,2,0.16,NA
2018203,71034,1,39,4300,83,7,2,0.12,NA
2018203,71034,1,40,13720,110,13,1,1.551,2.333
2018203,71034,1,41,3540,73,7,1,0.127,0.06
2018203,71034,1,42,12420,114,14,2,0.833,NA
2018203,71034,1,43,4790,78,10,2,0.184,NA
2018203,71034,1,44,2240,67,7,1,0.108,0.055
2018203,71034,1,45,2020,68,7,2,0.076,NA
2018203,71034,1,46,2320,68,6,2,0.1,NA
2018203,71034,1,47,15050,111,12,1,1.13,1.723
2018203,71034,1,48,15430,112,10,2,0.709,NA
2018203,71034,1,49,10350,102,9,1,0.416,1.941
2018203,71034,1,50,14940,119,10,1,1.281,2.85
2018203,71034,1,51,3370,73,6,2,0.121,NA
2018203,71034,1,52,1660,55,5,2,0.019,NA
2018203,71034,1,53,4300,78,13,2,0.141,NA
2018203,71034,1,54,1750,53,3,2,0.053,NA
2018203,71034,1,55,6390,92,10,2,0.093,NA
2018203,71034,1,56,12160,117,12,1,0.784,0.472
2018203,71034,1,57,13920,119,14,1,0.983,2.01
2018203,71034,1,58,15740,130,12,1,0.9,0.431
2018203,71034,1,59,18640,129,16,2,0.825,NA
2018203,71034,1,60,16240,124,11,1,0.603,0.969
2018203,71034,1,61,23100,126,12,1,NA,4.2
2018203,71034,1,62,20700,132,14,1,0.528,2.3
2018203,71034,2,1,16470,112,12,1,1.046,3.56
2018203,71034,2,2,7960,96,12,2,0.375,NA
2018203,71034,2,3,5520,83,12,2,0.272,NA
2018203,71034,2,4,5760,86,14,2,0.35,NA
2018203,71034,2,5,9080,104,14,1,0.54,0.319
2018203,71034,2,6,14870,105,13,1,1.497,3.4
2018203,71034,2,7,11630,98,12,1,1.264,2.96
2018203,71034,2,8,4310,78,9,2,0.318,0.37
2018203,71034,2,9,7860,98,12,1,0.595,0.975
2018203,71034,2,10,15120,105,14,1,1.303,3.24
2018203,71034,2,11,12100,105,14,1,0.952,1.911
2018203,71034,2,12,12670,114,12,1,0.932,1.737
2018203,71034,2,13,5110,86,9,2,0.215,0.061
2018203,71034,2,14,5300,84,9,2,0.111,0.226
2018203,71034,2,15,2730,72,7,2,0.046,0.039
2018203,71034,2,16,4290,78,7,2,0.225,0.019
2018203,71034,2,17,7270,96,9,2,0.31,0.203
2018203,71034,2,18,3540,74,8,2,0.061,0.107
2018203,71034,2,19,4080,82,9,1,0.276,0.097
2018203,71034,2,20,4670,78,8,2,0.131,0.284
2018203,71034,2,21,3460,77,9,2,0.127,0.081
2018203,71034,2,22,6780,92,11,2,0.162,0.332
2018203,71034,2,23,7950,95,12,2,0.643,0.184
2018203,71034,2,24,8710,106,10,1,0.304,0.189
2018203,71040,1,5,1070,47.5,4,1,0.019,0.081
2018203,71040,1,6,5460,85,6,2,0.339,NA
2018203,71040,1,7,4060,75,7,2,0.323,NA
2018203,71040,1,8,3380,74,5,2,0.114,NA
